1603527156.7122676,0,0,0,0
1603527156.73283,0,0,0,0
1603527156.7533598,0,0,0,0
1603527156.7739344,0,0,0,0
1603527156.7947547,0,0,0,0
1603527156.8154206,0,0,0,0
1603527156.8360963,0,0,0,0
1603527156.8567762,0,0,0,0
1603527156.8775272,0,0,0,0
1603527156.898449,0,0,0,0
1603527156.9190905,0,0,0,0
1603527156.9397135,0,0,0,0
1603527156.9603403,0,0,0,0
1603527156.9810085,0,0,0,0
1603527157.0018663,0,0,0,0
1603527157.0226235,0,0,0,0
1603527157.0434456,0,0,0,0
1603527157.0642056,0,0,0,0
1603527157.084966,0,0,0,0
1603527157.1056294,0,0,0,0
1603527157.1263976,0,0,0,0
1603527157.1472166,0,0,0,0
1603527157.168006,0,0,0,0
1603527157.1887887,0,0,0,0
1603527157.2094984,0,0,0,0
1603527157.2302206,0,0,0,0
1603527157.251008,0,0,0,0
1603527157.2718718,0,0,0,0
1603527157.2926335,0,0,0,0
1603527157.3135302,0,0,0,0
1603527157.3342676,0,0,0,0
1603527157.354967,0,0,0,0
1603527157.3756607,0,0,0,0
1603527157.3964438,0,0,0,0
1603527157.417071,0,0,0,0
1603527157.4378853,0,0,0,0
1603527157.4587128,0,0,0,0
1603527157.479395,0,0,0,0
1603527157.5001342,0,0,0,0
1603527157.520868,0,0,0,0
1603527157.5416553,0,0,0,0
1603527157.562298,0,0,0,0
1603527157.5829551,0,0,0,0
1603527157.6037889,0,0,0,0
1603527157.624481,0,0,0,0
1603527157.6453302,0,0,0,0
1603527157.666185,0,0,0,0
1603527157.6869683,0,0,0,0
1603527157.7076192,0,0,0,0
1603527157.7282915,0,-1,178,-63
1603527157.7489347,0,-1,178,-63
1603527157.7697825,0,-1,178,-63
1603527157.7904956,0,-1,178,-63
1603527157.811524,0,-1,178,-63
1603527157.832447,0,-1,178,-63
1603527157.853159,0,-1,178,-63
1603527157.8740122,0,-1,178,-63
1603527157.8948057,0,-1,178,-63
1603527157.9155798,0,-1,178,-63
1603527157.9364588,0,-1,178,-63
1603527157.9572227,0,-1,178,-63
1603527157.9778607,0,-1,178,-63
1603527157.9984388,0,-1,178,-63
1603527158.0189521,0,-1,178,-63
1603527158.0395975,0,-1,178,-63
1603527158.0601282,0,-1,178,-63
1603527158.0806813,0,-1,178,-63
1603527158.1012719,0,-1,178,-63
1603527158.1219416,0,-1,178,-63
1603527158.1424823,0,-1,178,-63
1603527158.1630952,0,-1,178,-63
1603527158.1837585,0,-1,178,-63
1603527158.2044683,0,-1,178,-63
1603527158.2250893,0,-1,178,-63
1603527158.2458107,0,-1,178,-63
1603527158.2664955,0,-1,178,-63
1603527158.287098,0,-1,178,-63
1603527158.3077686,0,-1,178,-63
1603527158.3285358,0,-1,178,-63
1603527158.3490908,0,-1,178,-63
1603527158.369835,0,-1,178,-63
1603527158.3905723,0,-1,178,-63
1603527158.411232,0,-1,178,-63
1603527158.4321458,0,-1,178,-63
1603527158.4528234,0,-1,178,-63
1603527158.4734232,0,-1,178,-63
1603527158.4939933,0,-1,178,-63
1603527158.5146263,0,-1,178,-63
1603527158.5352142,0,-1,178,-63
1603527158.5558672,0,-1,178,-63
1603527158.5765538,0,-1,178,-63
1603527158.5973096,0,-1,178,-63
1603527158.618004,0,-1,178,-63
1603527158.638814,0,-1,178,-63
1603527158.6595137,0,-1,178,-63
1603527158.6803613,0,-1,178,-63
1603527158.7010953,0,-1,178,-63
1603527158.721805,0,-1,178,-63
1603527158.7423687,0,-1,178,-63
1603527158.7629619,0,-1,178,-63
1603527158.7835453,0,-1,178,-63
1603527158.804233,0,-1,178,-63
1603527158.8248491,0,-1,178,-63
1603527158.8455842,0,-1,178,-63
1603527158.8662584,0,-1,178,-63
1603527158.8868866,0,-1,178,-63
1603527158.9074976,0,-1,178,-63
1603527158.9281597,0,-1,178,-63
1603527158.9489563,0,-1,178,-63
1603527158.9697433,0,-1,178,-63
1603527158.990406,0,-1,178,-63
1603527159.011023,0,-1,178,-63
1603527159.0317872,0,-1,178,-63
1603527159.0524123,0,-1,178,-63
1603527159.0731559,0,-1,178,-63
1603527159.0937908,0,-1,178,-63
1603527159.114512,0,-1,178,-63
1603527159.1352227,0,-1,178,-63
1603527159.156048,0,-1,178,-63
1603527159.176896,0,-1,178,-63
1603527159.1976075,0,-1,178,-63
1603527159.2183468,0,-1,178,-63
1603527159.2392852,0,-1,178,-63
1603527159.2599185,0,-1,178,-63
1603527159.2807355,0,-1,178,-63
1603527159.3016076,0,-1,178,-63
1603527159.3224926,0,-1,178,-63
1603527159.3432279,0,-1,178,-63
1603527159.3639948,0,-1,178,-63
1603527159.3847182,0,-1,178,-63
1603527159.4052808,0,-1,178,-63
1603527159.425897,0,-1,178,-63
1603527159.4465542,0,-1,178,-63
1603527159.4671495,0,-1,178,-63
1603527159.487954,0,-1,178,-63
1603527159.5087082,0,-1,178,-63
1603527159.5295117,0,-1,178,-63
1603527159.5501475,0,-1,178,-63
1603527159.5708532,0,-1,178,-63
1603527159.5916898,0,-1,178,-63
1603527159.6123211,0,-1,178,-63
1603527159.6329954,0,-1,178,-63
1603527159.6535776,0,-1,178,-63
1603527159.6743364,0,-1,178,-63
1603527159.694952,0,-1,178,-63
1603527159.715646,0,-1,178,-63
1603527159.7364762,0,-1,178,-63
1603527159.7572222,0,-1,178,-63
1603527159.777808,0,-1,178,-63
1603527159.798532,0,-1,178,-63
1603527159.8191202,0,-1,178,-63
1603527159.8398023,0,-1,178,-63
1603527159.8604243,0,-1,178,-63
1603527159.881179,0,-1,178,-63
1603527159.902035,0,-1,178,-63
1603527159.9227617,0,-1,178,-63
1603527159.9434657,0,-1,178,-63
1603527159.9642017,0,-1,178,-63
1603527159.985085,0,-1,178,-63
1603527160.0058835,0,-1,178,-63
1603527160.026671,0,-1,178,-63
1603527160.0473433,0,-1,178,-63
1603527160.068092,0,-1,178,-63
1603527160.0886972,0,-1,178,-63
1603527160.1095123,0,-1,178,-63
1603527160.1302254,0,-1,178,-63
1603527160.1508996,0,-1,178,-63
1603527160.1715894,0,-1,178,-63
1603527160.1921687,0,-1,178,-63
1603527160.212813,0,-1,178,-63
1603527160.2335088,0,-1,178,-63
1603527160.2542012,0,-1,178,-63
1603527160.275028,0,-1,178,-63
1603527160.2956855,0,-1,178,-63
1603527160.3164337,0,-1,178,-63
1603527160.3371024,0,-1,178,-63
1603527160.3577504,0,-1,178,-63
1603527160.3783903,0,-1,178,-63
1603527160.399003,0,-1,178,-63
1603527160.4196951,0,-1,178,-63
1603527160.440355,0,-1,178,-63
1603527160.460967,0,-1,178,-63
1603527160.4816072,0,-1,178,-63
1603527160.5023592,0,-1,178,-63
1603527160.5230975,0,-1,178,-63
1603527160.5436726,0,-1,178,-63
1603527160.5643654,0,-1,178,-63
1603527160.5851707,0,-1,178,-63
1603527160.6059394,0,-1,178,-63
1603527160.6266718,0,-1,178,-63
1603527160.6474433,0,-1,178,-63
1603527160.6680648,0,-1,178,-63
1603527160.688644,0,-1,178,-63
1603527160.709395,0,-1,178,-63
1603527160.730202,0,-1,178,-63
1603527160.7509692,0,-1,178,-63
1603527160.7718415,0,-1,178,-63
1603527160.792635,0,-1,178,-63
1603527160.8133304,0,-1,178,-63
1603527160.8340976,0,-1,178,-63
1603527160.8549438,0,-1,178,-63
1603527160.8758318,0,-1,178,-63
1603527160.8967586,0,-1,178,-63
1603527160.917445,0,-1,178,-63
1603527160.9382887,0,-1,178,-63
1603527160.9590728,0,-1,178,-63
1603527160.979733,0,-1,178,-63
1603527161.0003946,0,-1,178,-63
1603527161.021413,0,-1,178,-63
1603527161.0420961,0,-1,178,-63
1603527161.0628984,0,-1,178,-63
1603527161.0835412,0,-1,178,-63
1603527161.1041749,0,-1,178,-63
1603527161.1248887,0,-1,178,-63
1603527161.1454232,0,-1,178,-63
1603527161.166116,0,-1,178,-63
1603527161.1868966,0,-1,178,-63
1603527161.207562,0,-1,178,-63
1603527161.228186,0,-1,178,-63
1603527161.2488623,0,-1,178,-63
1603527161.2694628,0,-1,178,-63
1603527161.2900765,0,-1,178,-63
1603527161.3107338,0,-1,178,-63
1603527161.331668,0,-1,178,-63
1603527161.3524625,0,-1,178,-63
1603527161.3732224,0,-1,178,-63
1603527161.3938808,0,-1,178,-63
1603527161.4144666,0,-1,178,-63
1603527161.4351676,0,-1,178,-63
1603527161.4559124,0,-1,178,-63
1603527161.4765818,0,-1,178,-63
1603527161.4972615,0,-1,178,-63
1603527161.5180452,0,-1,178,-63
1603527161.5389144,0,-1,178,-63
1603527161.5597167,0,-1,178,-63
1603527161.5803766,0,-1,178,-63
1603527161.6014774,0,-1,178,-63
1603527161.6221995,0,-1,178,-63
1603527161.6429214,0,-1,178,-63
1603527161.6636982,0,-1,178,-63
1603527161.6844063,0,-1,178,-63
1603527161.7051184,0,-1,178,-63
1603527161.7258346,0,-1,178,-63
1603527161.7469096,0,-1,178,-63
1603527161.7676084,0,-1,178,-63
1603527161.7881703,0,-1,178,-63
1603527161.8089073,0,-1,178,-63
1603527161.8295982,0,-1,178,-63
1603527161.8502033,0,-1,178,-63
1603527161.871083,0,-1,178,-63
1603527161.8918927,0,-1,178,-63
1603527161.912603,0,-1,178,-63
1603527161.9334831,0,-1,178,-63
1603527161.9542167,0,-1,178,-63
1603527161.9748845,0,-1,178,-63
1603527161.9956095,0,-1,178,-63
1603527162.0163565,0,-1,178,-63
1603527162.0369995,0,-1,178,-63
1603527162.0578732,0,-1,178,-63
1603527162.0785987,0,-1,178,-63
1603527162.0992563,0,-1,178,-63
1603527162.1200225,0,-1,178,-63
1603527162.1407123,0,-1,178,-63
1603527162.1613746,0,-1,178,-63
1603527162.182068,0,-1,178,-63
1603527162.2026856,0,-1,178,-63
1603527162.223281,0,-1,178,-63
1603527162.2439325,0,-1,178,-63
1603527162.2646506,0,-1,178,-63
1603527162.2852736,0,-1,178,-63
1603527162.3061872,0,-1,178,-63
1603527162.326934,0,-1,178,-63
1603527162.3475733,0,-1,178,-63
1603527162.3683083,0,-1,178,-63
1603527162.3890839,0,-1,178,-63
1603527162.409824,0,-1,178,-63
1603527162.4305294,0,-1,178,-63
1603527162.4513178,0,-1,178,-63
1603527162.4719615,0,-1,178,-63
1603527162.4925077,0,-1,178,-63
1603527162.5132565,0,-1,178,-63
1603527162.5340006,0,-1,178,-63
1603527162.5547287,0,-1,178,-63
1603527162.5755265,0,-1,178,-63
1603527162.5963645,0,-1,178,-63
1603527162.6170204,0,-1,178,-63
1603527162.6376624,0,-1,178,-63
1603527162.658237,0,-1,178,-63
1603527162.6789494,0,-1,178,-63
1603527162.6995897,0,-1,178,-63
1603527162.7203078,0,-1,178,-63
1603527162.7410812,0,-1,178,-63
1603527162.7617404,0,-1,178,-63
1603527162.7824342,0,-1,178,-63
1603527162.8032439,0,-1,178,-63
1603527162.8240483,0,-1,178,-63
1603527162.8447373,0,-1,178,-63
1603527162.8653035,0,-1,178,-63
1603527162.886071,0,-1,178,-63
1603527162.9067488,0,-1,178,-63
1603527162.9274647,0,-1,178,-63
1603527162.9481888,0,-1,178,-63
1603527162.9689229,0,-1,178,-63
1603527162.9896655,0,-1,178,-63
1603527163.0103,0,-1,178,-63
1603527163.0309744,0,-1,178,-63
1603527163.0517042,0,-1,178,-63
1603527163.0730476,0,-1,178,-63
1603527163.0937545,0,-1,178,-63
1603527163.114484,0,-1,178,-63
1603527163.1350467,0,-1,178,-63
1603527163.1560426,0,-1,178,-63
1603527163.1766763,0,-1,178,-63
1603527163.1973202,0,-1,178,-63
1603527163.2179322,0,-1,178,-63
1603527163.2385168,0,-1,178,-63
1603527163.2593892,0,-1,178,-63
1603527163.2803679,0,-1,178,-63
1603527163.3011806,0,-1,178,-63
1603527163.321845,0,-1,178,-63
1603527163.3424573,0,-1,178,-63
1603527163.363067,0,-1,178,-63
1603527163.38362,0,-1,178,-63
1603527163.4041665,0,-1,178,-63
1603527163.424747,0,-1,178,-63
1603527163.4453943,0,-1,178,-63
1603527163.466039,0,-1,178,-63
1603527163.486597,0,-1,178,-63
1603527163.5071592,0,-1,178,-63
1603527163.5277514,0,-1,178,-63
1603527163.54837,0,-1,178,-63
1603527163.5689754,0,-1,178,-63
1603527163.5895033,0,-1,178,-63
1603527163.6101274,0,-1,178,-63
1603527163.6307664,0,-1,178,-63
1603527163.6516502,0,-1,178,-63
1603527163.672226,0,-1,178,-63
1603527163.6929357,0,-1,178,-63
1603527163.7137978,0,-1,178,-63
1603527163.7344902,0,-1,178,-63
1603527163.7552257,0,-1,178,-63
1603527163.7761805,0,-1,178,-63
1603527163.796838,0,-1,178,-63
1603527163.817431,0,-1,178,-63
1603527163.838167,0,-1,178,-63
1603527163.8589878,0,-1,178,-63
1603527163.8797069,0,-1,178,-63
1603527163.9004939,0,-1,178,-63
1603527163.921298,0,-1,178,-63
1603527163.942081,0,-1,178,-63
1603527163.962622,0,-1,178,-63
1603527163.9832563,0,-1,178,-63
1603527164.0039241,0,-1,178,-63
1603527164.0245566,0,-1,178,-63
1603527164.0454297,0,-1,178,-63
1603527164.0662134,0,-1,178,-63
1603527164.0869756,0,-1,178,-63
1603527164.1077166,0,-1,178,-63
1603527164.1284955,0,-1,178,-63
1603527164.1491551,0,-1,178,-63
1603527164.1698313,0,-1,178,-63
1603527164.1907558,0,-1,178,-63
1603527164.211635,0,-1,178,-63
1603527164.2322598,0,-1,178,-63
1603527164.2531757,0,-1,178,-63
1603527164.273946,0,-1,178,-63
1603527164.2946634,0,-1,178,-63
1603527164.3153794,0,-1,178,-63
1603527164.336104,0,-1,178,-63
1603527164.3567934,0,-1,178,-63
1603527164.3775103,0,-1,178,-63
1603527164.3981607,0,-1,178,-63
1603527164.4188387,0,-1,178,-63
1603527164.4396205,0,-1,178,-63
1603527164.4604921,0,-1,178,-63
1603527164.4813414,0,-1,178,-63
1603527164.5019479,0,-1,178,-63
1603527164.5227225,0,-1,178,-63
1603527164.5433264,0,-1,178,-63
1603527164.5640266,0,-1,178,-63
1603527164.5846615,0,-1,178,-63
1603527164.6054664,0,-1,178,-63
1603527164.6261163,0,-1,178,-63
1603527164.6469076,0,-1,178,-63
1603527164.6676188,0,-1,178,-63
1603527164.6883876,0,-1,178,-63
1603527164.7091825,0,-1,178,-63
1603527164.7299368,0,-1,178,-63
1603527164.750723,0,-1,178,-63
1603527164.771384,0,-1,178,-63
1603527164.7921686,0,-1,178,-63
1603527164.8128123,0,-1,178,-63
1603527164.8334143,0,-1,178,-63
1603527164.8540823,0,-1,178,-63
1603527164.8747973,0,-1,178,-63
1603527164.8958251,0,-1,178,-63
1603527164.9168253,0,-1,178,-63
1603527164.9376144,0,-1,178,-63
1603527164.9583406,0,-1,178,-63
1603527164.9790325,0,-1,178,-63
1603527164.9999416,0,-1,178,-63
1603527165.021098,0,-1,178,-63
1603527165.0417519,0,-1,178,-63
1603527165.0625257,0,-1,178,-63
1603527165.0832965,0,-1,178,-63
1603527165.1040459,0,-1,178,-63
1603527165.1246011,0,-1,178,-63
1603527165.1452608,0,-1,178,-63
1603527165.1659236,0,-1,178,-63
1603527165.1865542,0,-1,178,-63
1603527165.20728,0,-1,178,-63
1603527165.2279816,0,-1,178,-63
1603527165.2486732,0,-1,178,-63
1603527165.26939,0,-1,178,-63
1603527165.2899792,0,-1,178,-63
1603527165.3108807,0,-1,178,-63
1603527165.331705,0,-1,178,-63
1603527165.3522868,0,-1,178,-63
1603527165.372957,0,-1,178,-63
1603527165.393645,0,-1,178,-63
1603527165.4145463,0,-1,178,-63
1603527165.4352827,0,-1,178,-63
1603527165.456095,0,-1,178,-63
1603527165.4767325,0,-1,178,-63
1603527165.4974747,0,-1,178,-63
1603527165.5182025,0,-1,178,-63
1603527165.5388327,0,-1,178,-63
1603527165.5594997,0,-1,178,-63
1603527165.5802164,0,-1,178,-63
1603527165.60113,0,-1,178,-63
1603527165.6218357,0,-1,178,-63
1603527165.6425188,0,-1,178,-63
1603527165.663223,0,-1,178,-63
1603527165.6838033,0,-1,178,-63
1603527165.70442,0,-1,178,-63
1603527165.7251537,0,-1,178,-63
1603527165.7458258,0,-1,178,-63
1603527165.7666433,0,-1,178,-63
1603527165.7873032,0,-1,178,-63
1603527165.808096,0,-1,178,-63
1603527165.8287926,0,-1,178,-63
1603527165.849417,0,-1,178,-63
1603527165.8700666,0,-1,178,-63
1603527165.8908165,0,-1,178,-63
1603527165.911562,0,-1,178,-63
1603527165.9322145,0,-1,178,-63
1603527165.9527962,0,-1,178,-63
1603527165.9734979,0,-1,178,-63
1603527165.9943979,0,-1,178,-63
1603527166.0153406,0,-1,178,-63
1603527166.0362113,0,-1,178,-63
1603527166.0570557,0,-1,178,-63
1603527166.0779684,0,-1,178,-63
1603527166.098582,0,-1,178,-63
1603527166.1191592,0,-1,178,-63
1603527166.1402378,0,-1,178,-63
1603527166.1611524,0,-1,178,-63
1603527166.181795,0,-1,178,-63
1603527166.2025099,0,-1,178,-63
1603527166.2232068,0,-1,178,-63
1603527166.2438052,0,-1,178,-63
1603527166.264649,0,-1,178,-63
1603527166.2856398,0,-1,178,-63
1603527166.3063731,0,-1,178,-63
1603527166.327046,0,-1,178,-63
1603527166.3476443,0,-1,178,-63
1603527166.368221,0,-1,178,-63
1603527166.388777,0,-1,178,-63
1603527166.4093862,0,-1,178,-63
1603527166.4301264,0,-1,178,-63
1603527166.4509864,0,-1,178,-63
1603527166.4716794,0,-1,178,-63
1603527166.4922278,0,-1,178,-63
1603527166.5127592,0,-1,178,-63
1603527166.5334704,0,-1,178,-63
1603527166.5541854,0,-1,178,-63
1603527166.5749018,0,-1,178,-63
1603527166.5959258,0,-1,178,-63
1603527166.6166105,0,-1,178,-63
1603527166.637172,0,-1,178,-63
1603527166.65783,0,-1,178,-63
1603527166.6784863,0,-1,178,-63
1603527166.699333,0,-1,178,-63
1603527166.7203956,0,-1,178,-63
1603527166.7411351,0,-1,178,-63
1603527166.7619777,0,-1,178,-63
1603527166.7827659,0,-1,178,-63
1603527166.80336,0,-1,178,-63
1603527166.8240812,0,-1,178,-63
1603527166.8448486,0,-1,178,-63
1603527166.8657012,0,-1,178,-63
1603527166.886385,0,-1,178,-63
1603527166.907011,0,-1,178,-63
1603527166.9275994,0,-1,178,-63
1603527166.9483397,0,-1,178,-63
1603527166.9691067,0,-1,178,-63
1603527166.9899313,0,-1,178,-63
1603527167.0107694,0,-1,178,-63
1603527167.0314932,0,-1,178,-63
1603527167.0521927,0,-1,178,-63
1603527167.0728407,0,-1,178,-63
1603527167.0935986,0,-1,178,-63
1603527167.1142707,0,-1,178,-63
1603527167.1352088,0,-1,178,-63
1603527167.1560671,0,-1,178,-63
1603527167.1768103,0,-1,178,-63
1603527167.1975622,0,-1,178,-63
1603527167.2182882,0,-1,178,-63
1603527167.238971,0,-1,178,-63
1603527167.2598467,0,-1,178,-63
1603527167.2805161,0,-1,178,-63
1603527167.3011649,0,-1,178,-63
1603527167.321792,0,-1,178,-63
1603527167.3436477,0,-1,178,-63
1603527167.3642833,0,-1,178,-63
1603527167.384938,0,-1,178,-63
1603527167.4068315,0,-1,178,-63
1603527167.4275029,0,-1,178,-63
1603527167.448312,0,-1,178,-63
1603527167.469076,0,-1,178,-63
1603527167.4897447,0,-1,178,-63
1603527167.5110126,0,-1,178,-63
1603527167.5316787,0,-1,178,-63
1603527167.5523953,0,-1,178,-63
1603527167.5730755,0,-1,178,-63
1603527167.5936832,0,-1,178,-63
1603527167.6144533,0,-1,178,-63
1603527167.6354516,0,-1,178,-63
1603527167.6562476,0,-1,178,-63
1603527167.676917,0,-1,178,-63
1603527167.6976893,0,-1,178,-63
1603527167.7186108,0,-1,178,-63
1603527167.739487,0,-1,178,-63
1603527167.7604816,0,-1,178,-63
1603527167.7811825,0,-1,178,-63
1603527167.801956,0,-1,178,-63
1603527167.8227196,0,-1,178,-63
1603527167.84352,0,-1,178,-63
1603527167.8643,0,-1,178,-63
1603527167.8851278,0,-1,178,-63
1603527167.9061592,0,-1,178,-63
1603527167.926908,0,-1,178,-63
1603527167.9475377,0,-1,178,-63
1603527167.9681566,0,-1,178,-63
1603527167.9887476,0,-1,178,-63
1603527168.0094292,0,-1,178,-63
1603527168.0302978,0,-1,178,-63
1603527168.0511713,0,-1,178,-63
1603527168.0718467,0,-1,178,-63
1603527168.0926998,0,-1,178,-63
1603527168.1134953,0,-1,178,-63
1603527168.1340673,0,-1,178,-63
1603527168.1547246,0,-1,178,-63
1603527168.1754012,0,-1,178,-63
1603527168.1959984,0,-1,178,-63
1603527168.2165673,0,-1,178,-63
1603527168.237184,0,-1,178,-63
1603527168.2578392,0,-1,178,-63
1603527168.2784154,0,-1,178,-63
1603527168.299034,0,-1,178,-63
1603527168.3198488,0,-1,178,-63
1603527168.3404949,0,-1,178,-63
1603527168.3612378,0,-1,178,-63
1603527168.382014,0,-1,178,-63
1603527168.4026294,0,-1,178,-63
1603527168.4232552,0,-1,178,-63
1603527168.443992,0,-1,178,-63
1603527168.4648385,0,-1,178,-63
1603527168.4855154,0,-1,178,-63
1603527168.5062654,0,-1,178,-63
1603527168.5270793,0,-1,178,-63
1603527168.5486097,0,-1,178,-63
1603527168.5693266,0,-1,178,-63
1603527168.5905387,0,-1,178,-63
1603527168.611665,0,-1,178,-63
1603527168.6324847,0,-1,178,-63
1603527168.6532845,0,-1,178,-63
1603527168.6740181,0,-1,178,-63
1603527168.6946967,0,-1,178,-63
1603527168.715428,0,-1,178,-63
1603527168.7362328,0,-1,178,-63
1603527168.756959,0,-1,178,-63
1603527168.777652,0,-1,178,-63
1603527168.798403,0,-1,178,-63
1603527168.8191812,0,-1,178,-63
1603527168.8403747,0,-1,178,-63
1603527168.8611414,0,-1,178,-63
1603527168.881707,0,-1,178,-63
1603527168.902383,0,-1,178,-63
1603527168.923107,0,-1,178,-63
1603527168.9437113,0,-1,178,-63
1603527168.9643235,0,-1,178,-63
1603527168.985563,0,-1,178,-63
1603527169.0064142,0,-1,178,-63
1603527169.0271058,0,-1,178,-63
1603527169.0477986,0,-1,178,-63
1603527169.0684965,0,-1,178,-63
1603527169.0892367,0,-1,178,-63
1603527169.1099958,0,-1,178,-63
1603527169.1307003,0,-1,178,-63
1603527169.151298,0,-1,178,-63
1603527169.1718743,0,-1,178,-63
1603527169.192533,0,-1,178,-63
1603527169.2132168,0,-1,178,-63
1603527169.2338848,0,-1,178,-63
1603527169.2547119,0,-1,178,-63
1603527169.2754166,0,-1,178,-63
1603527169.2959867,0,-1,178,-63
1603527169.31673,0,-1,178,-63
1603527169.337367,0,-1,178,-63
1603527169.358081,0,-1,178,-63
1603527169.37879,0,-1,178,-63
1603527169.399395,0,-1,178,-63
1603527169.420193,0,-1,178,-63
1603527169.4408333,0,-1,178,-63
1603527169.4613998,0,-1,178,-63
1603527169.4827282,0,-1,178,-63
1603527169.5034997,0,-1,178,-63
1603527169.524368,0,-1,178,-63
1603527169.5450892,0,-1,178,-63
1603527169.5657446,0,-1,178,-63
1603527169.5864213,0,-1,178,-63
1603527169.6070933,0,-1,178,-63
1603527169.6277735,0,-1,178,-63
1603527169.648378,0,-1,178,-63
1603527169.6689918,0,-1,178,-63
1603527169.6895351,0,-1,178,-63
1603527169.7102954,0,-1,178,-63
1603527169.731074,0,-1,178,-63
1603527169.7516825,0,-1,178,-63
1603527169.772491,0,-1,178,-63
1603527169.7931702,0,-1,178,-63
1603527169.8137963,0,-1,178,-63
1603527169.8344364,0,-1,178,-63
1603527169.855382,0,-1,178,-63
1603527169.876139,0,-1,178,-63
1603527169.8968735,0,-1,178,-63
1603527169.9176688,0,-1,178,-63
1603527169.938327,0,-1,178,-63
1603527169.9590352,0,-1,178,-63
1603527169.979844,0,-1,178,-63
1603527170.000765,0,-1,178,-63
1603527170.0214462,0,-1,178,-63
1603527170.0421753,0,-1,178,-63
1603527170.0629034,0,-1,178,-63
1603527170.0836318,0,-1,178,-63
1603527170.1043525,0,-1,178,-63
1603527170.125069,0,-1,178,-63
1603527170.1456933,0,-1,178,-63
1603527170.1662893,0,-1,178,-63
1603527170.187024,0,-1,178,-63
1603527170.2078059,0,-1,178,-63
1603527170.2284732,0,-1,178,-63
1603527170.249263,0,-1,178,-63
1603527170.2700977,0,-1,178,-63
1603527170.290904,0,-1,178,-63
1603527170.3115923,0,-1,178,-63
1603527170.3322046,0,-1,178,-63
1603527170.3529236,0,-1,178,-63
1603527170.3738718,0,-1,178,-63
1603527170.3945217,0,-1,178,-63
1603527170.415121,0,-1,178,-63
1603527170.435651,0,-1,178,-63
1603527170.456345,0,-1,178,-63
1603527170.4769752,0,-1,178,-63
1603527170.497591,0,-1,178,-63
1603527170.5183687,0,-1,178,-63
1603527170.5391138,0,-1,178,-63
1603527170.5599716,0,-1,178,-63
1603527170.5806708,0,-1,178,-63
1603527170.601451,0,-1,178,-63
1603527170.622242,0,-1,178,-63
1603527170.6429884,0,-1,178,-63
1603527170.6637554,0,-1,178,-63
1603527170.684434,0,-1,178,-63
1603527170.705125,0,-1,178,-63
1603527170.7257314,0,-1,178,-63
1603527170.7464294,0,-1,178,-63
1603527170.7670548,0,-1,178,-63
1603527170.7877693,0,-1,178,-63
1603527170.8084714,0,-1,178,-63
1603527170.8291192,0,-1,178,-63
1603527170.8498862,0,-1,178,-63
1603527170.8706138,0,-1,178,-63
1603527170.8914413,0,-1,178,-63
1603527170.9121208,0,-1,178,-63
1603527170.9328873,0,-1,178,-63
1603527170.9535701,0,-1,178,-63
1603527170.9741757,0,-1,178,-63
1603527170.994894,0,-1,178,-63
1603527171.0155227,0,-1,178,-63
1603527171.0362515,0,-1,178,-63
1603527171.0569305,0,-1,178,-63
1603527171.0775895,0,-1,178,-63
1603527171.0982122,0,-1,178,-63
1603527171.1189756,0,-1,178,-63
1603527171.139695,0,-1,178,-63
1603527171.1606364,0,-1,178,-63
1603527171.1814857,0,-1,178,-63
1603527171.2023115,0,-1,178,-63
1603527171.223214,0,-1,178,-63
1603527171.2438314,0,-1,178,-63
1603527171.2644699,0,-1,178,-63
1603527171.285063,0,-1,178,-63
1603527171.3058486,0,-1,178,-63
1603527171.3267295,0,-1,178,-63
1603527171.3475072,0,-1,178,-63
1603527171.3683176,0,-1,178,-63
1603527171.3889158,0,-1,178,-63
1603527171.4098263,0,-1,178,-63
1603527171.430535,0,-1,178,-63
1603527171.4512432,0,-1,178,-63
1603527171.4718177,0,-1,178,-63
1603527171.4924006,0,-1,178,-63
1603527171.5130353,0,-1,178,-63
1603527171.5336335,0,-1,178,-63
1603527171.5545144,0,-1,178,-63
1603527171.5754943,0,-1,178,-63
1603527171.5963855,0,-1,178,-63
1603527171.6171303,0,-1,178,-63
1603527171.6379097,0,-1,178,-63
1603527171.6587434,0,-1,178,-63
1603527171.6795301,0,-1,178,-63
1603527171.7004719,0,-1,178,-63
1603527171.7212286,0,-1,178,-63
1603527171.7418602,0,-1,178,-63
1603527171.7625227,0,-1,178,-63
1603527171.783329,0,-1,178,-63
1603527171.8040054,0,-1,178,-63
1603527171.8247948,0,-1,178,-63
1603527171.8454013,0,-1,178,-63
1603527171.8659701,0,-1,178,-63
1603527171.8867307,0,-1,178,-63
1603527171.9075089,0,-1,178,-63
1603527171.9283144,0,-1,178,-63
1603527171.9490883,0,-1,178,-63
1603527171.9699976,0,-1,178,-63
1603527171.9908845,0,-1,178,-63
1603527172.0118132,0,-1,178,-63
1603527172.0326653,0,-1,178,-63
1603527172.0534117,0,-1,178,-63
1603527172.0740168,0,-1,178,-63
1603527172.0948617,0,-1,178,-63
1603527172.115558,0,-1,178,-63
1603527172.1363022,0,-1,178,-63
1603527172.1570385,0,-1,178,-63
1603527172.1778135,0,-1,178,-63
1603527172.1987011,0,-1,178,-63
1603527172.219553,0,-1,178,-63
1603527172.2404175,0,-1,178,-63
1603527172.2611713,0,-1,178,-63
1603527172.2817237,0,-1,178,-63
1603527172.3024397,0,-1,178,-63
1603527172.3232725,0,-1,178,-63
1603527172.344143,0,-1,178,-63
1603527172.3649426,0,-1,178,-63
1603527172.385872,0,-1,178,-63
1603527172.406655,0,-1,178,-63
1603527172.4274764,0,-1,178,-63
1603527172.4481814,0,-1,178,-63
1603527172.4688978,0,-1,178,-63
1603527172.4896622,0,-1,178,-63
1603527172.5104914,0,-1,178,-63
1603527172.5310607,0,-1,178,-63
1603527172.551773,0,-1,178,-63
1603527172.5724216,0,-1,178,-63
1603527172.5931025,0,-1,178,-63
1603527172.6138546,0,-1,178,-63
1603527172.6349137,0,-1,178,-63
1603527172.6555743,0,-1,178,-63
1603527172.6762543,0,-1,178,-63
1603527172.696963,0,-1,178,-63
1603527172.7176702,0,-1,178,-63
1603527172.7383742,0,-1,178,-63
1603527172.7590215,0,-1,178,-63
1603527172.7798896,0,-1,178,-63
1603527172.8005936,0,-1,178,-63
1603527172.8213847,0,-1,178,-63
1603527172.8422012,0,-1,178,-63
1603527172.8629825,0,-1,178,-63
1603527172.884017,0,-1,178,-63
1603527172.9050262,0,-1,178,-63
1603527172.9256601,0,-1,178,-63
1603527172.9464328,0,-1,178,-63
1603527172.9671762,0,-1,178,-63
1603527172.987826,0,-1,178,-63
1603527173.0084558,0,-1,178,-63
1603527173.0293005,0,-1,178,-63
1603527173.0501256,0,-1,178,-63
1603527173.0708954,0,-1,178,-63
1603527173.091638,0,-1,178,-63
1603527173.1125233,0,-1,178,-63
1603527173.1331499,0,-1,178,-63
1603527173.153894,0,-1,178,-63
1603527173.174626,0,-1,178,-63
1603527173.1952913,0,-1,178,-63
1603527173.2158701,0,-1,178,-63
1603527173.236473,0,-1,178,-63
1603527173.2570684,0,-1,178,-63
1603527173.2778547,0,-1,178,-63
1603527173.298551,0,-1,178,-63
1603527173.3192072,0,-1,178,-63
1603527173.3398519,0,-1,178,-63
1603527173.360645,0,-1,178,-63
1603527173.381345,0,-1,178,-63
1603527173.4021306,0,-1,178,-63
1603527173.4228427,0,-1,178,-63
1603527173.4436677,0,-1,178,-63
1603527173.4645357,0,-1,178,-63
1603527173.4855313,0,-1,178,-63
1603527173.506263,0,-1,178,-63
1603527173.5269928,0,-1,178,-63
1603527173.5477128,0,-1,178,-63
1603527173.5684466,0,-1,178,-63
1603527173.5892084,0,-1,178,-63
1603527173.6098692,0,-1,178,-63
1603527173.6306314,0,-1,178,-63
1603527173.651343,0,-1,178,-63
1603527173.672178,0,-1,178,-63
1603527173.6929834,0,-1,178,-63
1603527173.713759,0,-1,178,-63
1603527173.7346535,0,-1,178,-63
1603527173.755337,0,-1,178,-63
1603527173.7760391,0,-1,178,-63
1603527173.7966735,0,-1,178,-63
1603527173.817303,0,-1,178,-63
1603527173.8379133,0,-1,178,-63
1603527173.8586516,0,-1,178,-63
1603527173.8796115,0,-1,178,-63
1603527173.9002328,0,-1,178,-63
1603527173.9208608,0,-1,178,-63
1603527173.9416358,0,-1,178,-63
1603527173.9622753,0,-1,178,-63
1603527173.982835,0,-1,178,-63
1603527174.0035112,0,-1,178,-63
1603527174.0243044,0,-1,178,-63
1603527174.0451093,0,-1,178,-63
1603527174.0657756,0,-1,178,-63
1603527174.0865684,0,-1,178,-63
1603527174.107287,0,-1,178,-63
1603527174.1278615,0,-1,178,-63
1603527174.1484535,0,-1,178,-63
1603527174.169222,0,-1,178,-63
1603527174.1901176,0,-1,178,-63
1603527174.2108834,0,-1,178,-63
1603527174.231529,0,-1,178,-63
1603527174.2521033,0,-1,178,-63
1603527174.2727125,0,-1,178,-63
1603527174.2934515,0,-1,178,-63
1603527174.3145382,0,-1,178,-63
1603527174.3352969,0,-1,178,-63
1603527174.3561628,0,-1,178,-63
1603527174.3768492,0,-1,178,-63
1603527174.3975601,0,-1,178,-63
1603527174.418157,0,-1,178,-63
1603527174.4387975,0,-1,178,-63
1603527174.459571,0,-1,178,-63
1603527174.480188,0,-1,178,-63
1603527174.5013664,0,-1,178,-63
1603527174.5220964,0,-1,178,-63
1603527174.5427744,0,-1,178,-63
1603527174.5634615,0,-1,178,-63
1603527174.584054,0,-1,178,-63
1603527174.604715,0,-1,178,-63
1603527174.6252904,0,-1,178,-63
1603527174.6459656,0,-1,178,-63
1603527174.6668046,0,-1,178,-63
1603527174.687551,0,-1,178,-63
1603527174.7083364,0,-1,178,-63
1603527174.7291687,0,-1,178,-63
1603527174.749924,0,-1,178,-63
1603527174.7707736,0,-1,178,-63
1603527174.7917323,0,-1,178,-63
1603527174.8124182,0,-1,178,-63
1603527174.8331556,0,-1,178,-63
1603527174.8538342,0,-1,178,-63
1603527174.8744721,0,-1,178,-63
1603527174.8951824,0,-1,178,-63
1603527174.9158576,0,-1,178,-63
1603527174.9366052,0,-1,178,-63
1603527174.957349,0,-1,178,-63
1603527174.97802,0,-1,178,-63
1603527174.99861,0,-1,178,-63
1603527175.019606,0,-1,178,-63
1603527175.0404475,0,-1,178,-63
1603527175.0612211,0,-1,178,-63
1603527175.0819895,0,-1,178,-63
1603527175.102763,0,-1,178,-63
1603527175.1234374,0,-1,178,-63
1603527175.1441243,0,-1,178,-63
1603527175.1649263,0,-1,178,-63
1603527175.1855118,0,-1,178,-63
1603527175.2062178,0,-1,178,-63
1603527175.226872,0,-1,178,-63
1603527175.2475653,0,-1,178,-63
1603527175.2683215,0,-1,178,-63
1603527175.288857,0,-1,178,-63
1603527175.3096318,0,-1,178,-63
1603527175.3303185,0,-1,178,-63
1603527175.3509264,0,-1,178,-63
1603527175.3715682,0,-1,178,-63
1603527175.3923244,0,-1,178,-63
1603527175.4129786,0,-1,178,-63
1603527175.4336638,0,-1,178,-63
1603527175.4543643,0,-1,178,-63
1603527175.4750135,0,-1,178,-63
1603527175.4956572,0,-1,178,-63
1603527175.5164683,0,-1,178,-63
1603527175.5373108,0,-1,178,-63
1603527175.5579607,0,-1,178,-63
1603527175.5787234,0,-1,178,-63
1603527175.599515,0,-1,178,-63
1603527175.6203296,0,-1,178,-63
1603527175.6409793,0,-1,178,-63
1603527175.6616442,0,-1,178,-63
1603527175.6822996,0,-1,178,-63
1603527175.7028935,0,-1,178,-63
1603527175.723674,0,-1,178,-63
1603527175.7442894,0,-1,178,-63
1603527175.7649097,0,-1,178,-63
1603527175.7855542,0,-1,178,-63
1603527175.806154,0,-1,178,-63
1603527175.8268428,0,-1,178,-63
1603527175.8475888,0,-1,178,-63
1603527175.8681731,0,-1,178,-63
1603527175.8888085,0,-1,178,-63
1603527175.9095612,0,-1,178,-63
1603527175.9302373,0,-1,178,-63
1603527175.9508142,0,-1,178,-63
1603527175.9715261,0,-1,178,-63
1603527175.9922419,0,-1,178,-63
1603527176.0129619,0,-1,178,-63
1603527176.034403,0,-1,178,-63
1603527176.055141,0,-1,178,-63
1603527176.076283,0,-1,178,-63
1603527176.096982,0,-1,178,-63
1603527176.117505,0,-1,178,-63
1603527176.1381605,0,-1,178,-63
1603527176.158824,0,-1,178,-63
1603527176.179572,0,-1,178,-63
1603527176.2004213,0,-1,178,-63
1603527176.2209907,0,-1,178,-63
1603527176.2416217,0,-1,178,-63
1603527176.2623203,0,-1,178,-63
1603527176.282953,0,-1,178,-63
1603527176.303672,0,-1,178,-63
1603527176.3243651,0,-1,178,-63
1603527176.345008,0,-1,178,-63
1603527176.3655744,0,-1,178,-63
1603527176.3863838,0,-1,178,-63
1603527176.4072094,0,-1,178,-63
1603527176.4278357,0,-1,178,-63
1603527176.4485106,0,-1,178,-63
1603527176.4694142,0,-1,178,-63
1603527176.490009,0,-1,178,-63
1603527176.5106006,0,-1,178,-63
1603527176.5312357,0,-1,178,-63
1603527176.5519211,0,-1,178,-63
1603527176.5725179,0,-1,178,-63
1603527176.5931067,0,-1,178,-63
1603527176.6138012,0,-1,178,-63
1603527176.634522,0,-1,178,-63
1603527176.6552584,0,-1,178,-63
1603527176.6759205,0,-1,178,-63
1603527176.6966376,0,-1,178,-63
1603527176.7174067,0,-1,178,-63
1603527176.738134,0,-1,178,-63
1603527176.7588778,0,-1,178,-63
1603527176.779629,0,-1,178,-63
1603527176.8004017,0,-1,178,-63
1603527176.8211148,0,-1,178,-63
1603527176.8417509,0,-1,178,-63
1603527176.8624163,0,-1,178,-63
1603527176.8829858,0,-1,178,-63
1603527176.9037197,0,-1,178,-63
1603527176.924381,0,-1,178,-63
1603527176.9449453,0,-1,178,-63
1603527176.965635,0,-1,178,-63
1603527176.9864633,0,-1,178,-63
1603527177.0070877,0,-1,178,-63
1603527177.027769,0,-1,178,-63
1603527177.048431,0,-1,178,-63
1603527177.0691454,0,-1,178,-63
1603527177.0898402,0,-1,178,-63
1603527177.1104815,0,-1,178,-63
1603527177.1310322,0,-1,178,-63
1603527177.1516287,0,-1,178,-63
1603527177.1722538,0,-1,178,-63
1603527177.1928897,0,-1,178,-63
1603527177.2137675,0,-1,178,-63
1603527177.2346842,0,-1,178,-63
1603527177.2554595,0,-1,178,-63
1603527177.276165,0,-1,178,-63
1603527177.2970567,0,-1,178,-63
1603527177.3176615,0,-1,178,-63
1603527177.33843,0,-1,178,-63
1603527177.3592286,0,-1,178,-63
1603527177.3801954,0,-1,178,-63
1603527177.4008257,0,-1,178,-63
1603527177.4214447,0,-1,178,-63
1603527177.4421055,0,-1,178,-63
1603527177.462773,0,-1,178,-63
1603527177.4834793,0,-1,178,-63
1603527177.504209,0,-1,178,-63
1603527177.5247896,0,-1,178,-63
1603527177.5454679,0,-1,178,-63
1603527177.5663614,0,-1,178,-63
1603527177.586959,0,-1,178,-63
1603527177.607629,0,-1,178,-63
1603527177.6284177,0,-1,178,-63
1603527177.6492653,0,-1,178,-63
1603527177.669905,0,-1,178,-63
1603527177.690468,0,-1,178,-63
1603527177.7110727,0,-1,178,-63
1603527177.7317195,0,-1,178,-63
1603527177.7523782,0,-1,178,-63
1603527177.7729354,0,-1,178,-63
1603527177.793823,0,-1,178,-63
1603527177.8146005,0,-1,178,-63
1603527177.835299,0,-1,178,-63
1603527177.8559446,0,-1,178,-63
1603527177.876604,0,-1,178,-63
1603527177.8973281,0,-1,178,-63
1603527177.917934,0,-1,178,-63
1603527177.9389699,0,-1,178,-63
1603527177.9597218,0,-1,178,-63
1603527177.9823532,0,-1,178,-63
1603527178.0031393,0,-1,178,-63
1603527178.0240483,0,-1,178,-63
1603527178.0446138,0,-1,178,-63
1603527178.0653026,0,-1,178,-63
1603527178.0860817,0,-1,178,-63
1603527178.1067486,0,-1,178,-63
1603527178.127567,0,-1,178,-63
1603527178.1482806,0,-1,178,-63
1603527178.1692643,0,-1,178,-63
1603527178.1899958,0,-1,178,-63
1603527178.2107427,0,-1,178,-63
1603527178.2315512,0,-1,178,-63
1603527178.252324,0,-1,178,-63
1603527178.2730572,0,-1,178,-63
1603527178.293914,0,-1,178,-63
1603527178.3146486,0,-1,178,-63
1603527178.3352833,0,-1,178,-63
1603527178.3560176,0,-1,178,-63
1603527178.3767288,0,-1,178,-63
1603527178.3974767,0,-1,178,-63
1603527178.4182153,0,-1,178,-63
1603527178.4391217,0,-1,178,-63
1603527178.4599845,0,-1,178,-63
1603527178.4808562,0,-1,178,-63
1603527178.5015924,0,-1,178,-63
1603527178.5223744,0,-1,178,-63
1603527178.543101,0,-1,178,-63
1603527178.5645168,0,-1,178,-63
1603527178.5852146,0,-1,178,-63
1603527178.6059809,0,-1,178,-63
1603527178.6267912,0,-1,178,-63
1603527178.6476157,0,-1,178,-63
1603527178.6682668,0,-1,178,-63
1603527178.6891418,0,-1,178,-63
1603527178.7097585,0,-1,178,-63
1603527178.7304547,0,-1,178,-63
1603527178.7511473,0,-1,178,-63
1603527178.7718086,0,0,178,-62
1603527178.7925103,0,-1,178,-63
1603527178.813339,0,-1,178,-63
1603527178.8341234,0,-1,179,-63
1603527178.8547883,0,-1,179,-63
1603527178.87558,0,-2,180,64
1603527178.8963664,0,-1,180,63
1603527178.917145,0,-2,180,64
1603527178.9377775,0,-2,-179,64
1603527178.9584396,1,-3,-179,65
1603527178.9792392,1,-3,-179,65
1603527178.9999213,2,-3,-179,65
1603527179.0205746,2,-4,-179,66
1603527179.041143,2,-4,-179,66
1603527179.0619493,3,-5,-179,67
1603527179.082739,3,-5,-179,67
1603527179.1034386,4,-5,-179,67
1603527179.1242692,3,-4,-179,66
1603527179.1451921,3,-4,180,66
1603527179.1659427,2,-3,180,65
1603527179.186644,2,-3,180,65
1603527179.2072873,1,-2,180,64
1603527179.2279205,2,-3,180,65
1603527179.2486,2,-3,180,65
1603527179.2693648,2,-3,180,65
1603527179.2901444,2,-4,180,66
1603527179.3108683,2,-4,180,66
1603527179.3316805,2,-3,180,65
1603527179.3525743,2,-3,180,65
1603527179.3736544,2,-3,180,65
1603527179.3945248,2,-3,180,65
1603527179.4151475,2,-3,179,-65
1603527179.4357762,2,-3,179,-65
1603527179.4565952,3,-3,179,-65
1603527179.4773345,3,-3,179,-65
1603527179.4981208,2,-3,179,-65
1603527179.5188725,2,-3,178,-65
1603527179.5396476,1,-2,178,-64
1603527179.5604649,1,-2,178,-64
1603527179.581079,1,-2,177,-63
1603527179.6017776,1,-2,178,-64
1603527179.6225011,2,-3,178,-65
1603527179.6432438,2,-3,178,-65
1603527179.6640346,2,-3,178,-65
1603527179.684711,2,-3,178,-65
1603527179.7054298,2,-2,178,-64
1603527179.7261734,1,-2,178,-64
1603527179.746928,1,-2,178,-64
1603527179.7676299,2,-3,178,-65
1603527179.7883635,2,-3,178,-65
1603527179.8091068,2,-3,178,-65
1603527179.829952,2,-3,178,-65
1603527179.8506427,2,-3,178,-65
1603527179.8715136,2,-3,178,-65
1603527179.892203,2,-3,178,-65
1603527179.9129367,2,-3,178,-65
1603527179.9338417,2,-3,178,-65
1603527179.9545443,2,-3,178,-65
1603527179.9752839,2,-3,178,-65
1603527179.9960933,2,-3,178,-65
1603527180.0169806,2,-3,178,-65
1603527180.0377715,2,-3,178,-65
1603527180.0589318,2,-3,178,-65
1603527180.0797496,2,-3,178,-65
1603527180.100416,2,-3,178,-65
1603527180.1210344,2,-2,178,-64
1603527180.141743,2,-2,178,-64
1603527180.1623945,2,-2,178,-64
1603527180.183095,2,-2,178,-64
1603527180.2038095,2,-2,178,-64
1603527180.224369,2,-2,178,-64
1603527180.244983,2,-2,178,-64
1603527180.2655914,2,-2,178,-64
1603527180.2862577,2,-2,178,-64
1603527180.3070085,2,-2,178,-64
1603527180.3278413,2,-2,178,-64
1603527180.348689,2,-2,178,-64
1603527180.369548,2,-2,178,-64
1603527180.3903875,2,-3,178,-65
1603527180.411218,2,-3,178,-65
1603527180.4319117,2,-2,178,-64
1603527180.4526856,2,-2,178,-64
1603527180.473516,2,-2,178,-64
1603527180.4941883,2,-3,178,-65
1603527180.5149107,2,-3,178,-65
1603527180.5356772,2,-3,178,-65
1603527180.5565324,2,-2,178,-64
1603527180.577341,2,-2,178,-64
1603527180.5979247,2,-2,178,-64
1603527180.6187186,2,-2,178,-64
1603527180.6392796,2,-2,178,-64
1603527180.6599095,2,-2,178,-64
1603527180.6806388,2,-2,178,-64
1603527180.7012794,2,-2,178,-64
1603527180.7220542,2,-2,178,-64
1603527180.7427108,2,-2,178,-64
1603527180.7633636,2,-2,178,-64
1603527180.784085,2,-2,178,-64
1603527180.804826,2,-2,178,-64
1603527180.8255951,2,-2,178,-64
1603527180.8465333,2,-2,178,-64
1603527180.8672252,2,-2,178,-64
1603527180.887895,2,-2,178,-64
1603527180.9087684,2,-2,178,-64
1603527180.9293156,2,-2,178,-64
1603527180.9499743,2,-2,178,-64
1603527180.9706757,2,-2,178,-64
1603527180.991259,2,-2,178,-64
1603527181.011965,2,-2,178,-64
1603527181.0327091,2,-2,178,-64
1603527181.0536406,2,-2,178,-64
1603527181.0742989,2,-2,178,-64
1603527181.0949872,2,-2,178,-64
1603527181.115632,2,-2,178,-64
1603527181.136203,2,-2,178,-64
1603527181.1569304,2,-3,178,-65
1603527181.1778505,2,-3,178,-65
1603527181.1985366,2,-2,178,-64
1603527181.2191515,2,-2,178,-64
1603527181.2397945,2,-2,178,-64
1603527181.2604,2,-2,178,-64
1603527181.2809834,2,-2,178,-64
1603527181.3017747,2,-2,178,-64
1603527181.3224847,2,-2,178,-64
1603527181.3431408,2,-2,178,-64
1603527181.3639085,2,-2,178,-64
1603527181.3845513,2,-2,178,-64
1603527181.4051607,2,-2,178,-64
1603527181.425723,2,-2,178,-64
1603527181.4465346,2,-2,178,-64
1603527181.4672906,2,-2,178,-64
1603527181.4880288,2,-2,178,-64
1603527181.5087204,2,-2,178,-64
1603527181.529364,2,-2,178,-64
1603527181.550046,2,-2,178,-64
1603527181.570791,2,-2,178,-64
1603527181.5916076,2,-2,178,-64
1603527181.6123679,2,-2,178,-64
1603527181.6330826,2,-2,178,-64
1603527181.6537943,2,-3,178,-65
1603527181.6744576,2,-3,178,-65
1603527181.694997,2,-2,178,-64
1603527181.7157075,2,-2,178,-64
1603527181.7363815,2,-2,178,-64
1603527181.757103,2,-2,178,-64
1603527181.7776933,2,-2,178,-64
1603527181.7983296,2,-3,178,-65
1603527181.8190327,2,-3,178,-65
1603527181.8397396,2,-3,178,-65
1603527181.8604233,2,-2,178,-64
1603527181.8813362,2,-2,178,-64
1603527181.9022512,2,-2,178,-64
1603527181.9230738,2,-2,178,-64
1603527181.9438848,2,-2,178,-64
1603527181.9645245,2,-2,178,-64
1603527181.9851234,2,-3,178,-65
1603527182.005676,2,-3,178,-65
1603527182.0262783,2,-2,178,-64
1603527182.0469759,2,-2,178,-64
1603527182.0676782,2,-2,178,-64
1603527182.0886137,2,-3,178,-65
1603527182.1092963,2,-2,178,-64
1603527182.1302462,2,-2,178,-64
1603527182.151025,2,-2,178,-64
1603527182.1717677,2,-2,178,-64
1603527182.1923242,2,-2,178,-64
1603527182.2129562,2,-2,178,-64
1603527182.2336483,2,-2,178,-64
1603527182.254367,2,-2,178,-64
1603527182.275032,2,-2,178,-64
1603527182.2958608,2,-2,178,-64
1603527182.3166122,2,-2,178,-64
1603527182.3373003,2,-2,178,-64
1603527182.3579473,2,-2,178,-64
1603527182.3788102,2,-2,178,-64
1603527182.3995664,2,-2,178,-64
1603527182.4201813,2,-2,178,-64
1603527182.4409149,2,-2,178,-64
1603527182.461602,2,-2,178,-64
1603527182.4822533,2,-2,178,-64
1603527182.5030432,2,-2,178,-64
1603527182.5236957,2,-2,178,-64
1603527182.544366,2,-2,178,-64
1603527182.5649495,2,-2,178,-64
1603527182.5856297,2,-2,178,-64
1603527182.6063442,2,-2,178,-64
1603527182.6270287,2,-2,178,-64
1603527182.6476886,2,-2,178,-64
1603527182.668428,2,-2,178,-64
1603527182.6890805,2,-2,178,-64
1603527182.7096786,2,-2,178,-64
1603527182.7302866,2,-2,178,-64
1603527182.7509181,2,-2,178,-64
1603527182.77149,2,-2,178,-64
1603527182.7920887,2,-2,178,-64
1603527182.8127701,2,-2,178,-64
1603527182.8333662,2,-2,178,-64
1603527182.8540304,2,-2,178,-64
1603527182.8747056,2,-2,178,-64
1603527182.8960679,2,-2,178,-64
1603527182.9166617,2,-2,178,-64
1603527182.937315,2,-2,178,-64
1603527182.9579551,2,-2,178,-64
1603527182.9786,2,-2,178,-64
1603527182.9991744,2,-2,178,-64
1603527183.0196743,2,-2,178,-64
1603527183.040373,2,-2,178,-64
1603527183.0609667,2,-2,178,-64
1603527183.0815995,2,-2,178,-64
1603527183.1021955,2,-2,178,-64
1603527183.1227996,2,-2,178,-64
1603527183.1433408,2,-2,178,-64
1603527183.1639435,2,-2,178,-64
1603527183.1846771,2,-2,178,-64
1603527183.2054229,2,-2,178,-64
1603527183.2260995,2,-2,178,-64
1603527183.2467906,2,-2,178,-64
1603527183.2673855,2,-2,178,-64
1603527183.288017,2,-2,178,-64
1603527183.3086154,2,-2,178,-64
1603527183.3292913,2,-2,178,-64
1603527183.3498733,2,-2,178,-64
1603527183.3704786,2,-2,178,-64
1603527183.3911319,2,-2,178,-64
1603527183.4117768,2,-2,178,-64
1603527183.4323804,2,-2,178,-64
1603527183.4529364,2,-2,178,-64
1603527183.4736443,2,-2,178,-64
1603527183.4943845,2,-2,178,-64
1603527183.5150802,2,-2,178,-64
1603527183.5355976,2,-2,178,-64
1603527183.556198,2,-2,178,-64
1603527183.5768101,2,-2,178,-64
1603527183.5973644,2,-2,178,-64
1603527183.617988,2,-2,178,-64
1603527183.638645,2,-2,178,-64
1603527183.6593328,2,-2,178,-64
1603527183.680053,2,-2,178,-64
1603527183.700776,2,-2,178,-64
1603527183.7214317,2,-2,178,-64
1603527183.7422223,2,-2,178,-64
1603527183.7629461,2,-2,178,-64
1603527183.78358,2,-2,178,-64
1603527183.8042128,2,-2,178,-64
1603527183.824894,2,-2,178,-64
1603527183.8455245,2,-2,178,-64
1603527183.866097,2,-2,178,-64
1603527183.886717,2,-2,178,-64
1603527183.9073472,2,-2,178,-64
1603527183.9280567,2,-2,178,-64
1603527183.9486241,2,-2,178,-64
1603527183.9692466,2,-2,178,-64
1603527183.989812,2,-2,178,-64
1603527184.0103602,2,-2,178,-64
1603527184.030984,2,-2,178,-64
1603527184.051623,2,-2,178,-64
1603527184.0721843,2,-2,178,-64
1603527184.0927956,2,-2,178,-64
1603527184.1134107,2,-2,178,-64
1603527184.1340184,2,-2,178,-64
1603527184.154631,2,-2,178,-64
1603527184.1751726,2,-2,178,-64
1603527184.195748,2,-2,178,-64
1603527184.2163801,2,-2,178,-64
1603527184.237002,2,-2,178,-64
1603527184.2576227,2,-2,178,-64
1603527184.278254,2,-2,178,-64
1603527184.298887,2,-2,178,-64
1603527184.319499,2,-2,178,-64
1603527184.3401377,2,-2,178,-64
1603527184.3607268,2,-2,178,-64
1603527184.3812973,2,-2,178,-64
1603527184.4018898,2,-2,178,-64
1603527184.4379365,2,-2,178,-64
1603527184.4586265,2,-2,178,-64
1603527184.4793432,2,-2,178,-64
1603527184.5000367,2,-2,178,-64
1603527184.5206375,2,-2,178,-64
1603527184.5412507,2,-2,178,-64
1603527184.5619006,2,-2,178,-64
1603527184.582491,2,-2,178,-64
1603527184.6030858,2,-2,178,-64
1603527184.6237245,2,-2,178,-64
1603527184.6443639,2,-2,178,-64
1603527184.664993,2,-2,178,-64
1603527184.6856532,2,-2,178,-64
1603527184.7062757,2,-2,178,-64
1603527184.7268534,2,-2,178,-64
1603527184.7474236,2,-2,178,-64
